,City,Lat,Lng,Max Temp,Humidity,Clouds,Wind Speed,Country,Date
0,Mahibadhoo,3.7833,72.9667,82.47,76,33,17.05,MV,1630073589
1,Guerrero Negro,27.9769,-114.0611,74.23,75,6,3.04,MX,1630073439
2,Rikitea,-23.1203,-134.9692,72.84,71,3,16.82,PF,1630073589
3,Port Elizabeth,-33.918,25.5701,59.29,51,20,32.21,ZA,1630073590
4,Vaini,-21.2,-175.2,66.36,77,75,9.22,TO,1630073590
5,Busselton,-33.65,115.3333,51.08,75,89,5.35,AU,1630073590
6,Saint George,37.1041,-113.5841,82.54,23,1,0.0,US,1630073590
7,Kavieng,-2.5744,150.7967,81.48,78,96,10.85,PG,1630073591
8,Yellowknife,62.456,-114.3525,56.1,70,24,4.12,CA,1630073312
9,Bredasdorp,-34.5322,20.0403,53.28,62,10,17.4,ZA,1630073591
10,Khatanga,71.9667,102.5,39.47,85,100,22.19,RU,1630073591
11,Tessalit,20.1986,1.0114,105.78,13,66,7.94,ML,1630073592
12,Butaritari,3.0707,172.7902,82.63,73,37,12.41,KI,1630073592
13,Sorgun,39.8101,35.186,91.63,13,1,1.43,TR,1630073592
14,Saint-Philippe,-21.3585,55.7679,69.39,86,100,21.56,RE,1630073593
15,Mezen',65.8522,44.24,55.96,51,41,6.11,RU,1630073593
16,Yarmouth,41.7057,-70.2286,89.11,76,1,5.75,US,1630073593
17,Montorio al Vomano,42.5831,13.6383,83.07,60,67,1.32,IT,1630073594
18,Saskylakh,71.9167,114.0833,37.36,86,100,5.99,RU,1630073533
19,Hobart,-42.8794,147.3294,46.06,92,90,1.01,AU,1630073589
20,Mareeba,-17.0,145.4333,68.72,95,25,2.35,AU,1630073594
21,Ushuaia,-54.8,-68.3,40.62,65,13,7.11,AR,1630073595
22,Aklavik,68.2191,-135.0107,50.22,76,100,3.87,CA,1630073595
23,Castro,-24.7911,-50.0119,60.35,82,100,5.06,BR,1630073593
24,Hambantota,6.1241,81.1185,80.69,80,98,19.66,LK,1630073595
25,George Town,5.4112,100.3354,82.89,80,20,0.0,MY,1630073596
26,Ati,13.2154,18.3353,96.01,34,17,3.56,TD,1630073596
27,Cidreira,-30.1811,-50.2056,60.87,61,0,2.73,BR,1630073596
28,Barrow,71.2906,-156.7887,33.82,69,90,18.41,US,1630073597
29,Punta Arenas,-53.15,-70.9167,39.31,70,75,18.41,CL,1630073539
30,Porto-Novo,6.4965,2.6036,82.78,74,97,10.58,BJ,1630073597
31,Aberdeen,57.1437,-2.0981,62.2,73,40,8.05,GB,1630073474
32,Atuona,-9.8,-139.0333,77.18,81,28,13.98,PF,1630073598
33,Khanbari,27.3747,87.2039,72.34,93,99,0.25,NP,1630073598
34,Clyde River,70.4692,-68.5914,35.01,98,100,3.4,CA,1630073598
35,Devonport,-41.1667,146.35,45.09,79,100,7.9,AU,1630073599
36,Bambous Virieux,-20.3428,57.7575,69.22,87,89,25.23,MU,1630073599
37,Filingué,14.3521,3.3168,93.61,38,58,0.69,NE,1630073599
38,San Cristobal,7.7669,-72.225,78.8,57,98,5.37,VE,1630073600
39,Yantzaza,-3.8278,-78.7594,68.97,92,100,0.51,EC,1630073600
40,Mataura,-46.1927,168.8643,42.48,98,100,1.36,NZ,1630073600
41,Morón,-34.6534,-58.6198,58.01,34,7,4.0,AR,1630073601
42,New Norfolk,-42.7826,147.0587,45.72,82,100,0.65,AU,1630073601
43,Lyubech,51.7026,30.6569,69.51,59,74,1.97,UA,1630073601
44,Husavik,66.0449,-17.3389,66.16,44,10,16.44,IS,1630073602
45,Nikolskoye,59.7035,30.7861,62.02,68,98,9.4,RU,1630073602
46,Samaná,19.2056,-69.3369,88.02,74,20,0.0,DO,1630073602
47,Yeppoon,-23.1333,150.7333,58.78,77,18,5.79,AU,1630073603
48,Anadyr,64.75,177.4833,48.07,95,100,15.68,RU,1630073603
49,Korla,41.7597,86.1469,81.32,20,1,4.27,CN,1630073603
50,Bluff,-46.6,168.3333,42.8,85,100,10.38,NZ,1630073604
51,Salinópolis,-0.6136,-47.3561,84.7,66,98,13.0,BR,1630073604
52,Port Alfred,-33.5906,26.891,58.24,67,100,25.84,ZA,1630073604
53,Dunedin,-45.8742,170.5036,46.02,94,100,8.48,NZ,1630073605
54,Yangi Marg`ilon,40.4272,71.7189,88.52,25,18,6.91,UZ,1630073605
55,Port Hedland,-20.3167,118.5667,66.25,94,0,0.0,AU,1630073605
56,Arraial do Cabo,-22.9661,-42.0278,73.26,83,75,10.36,BR,1630073605
57,Urgut,39.4022,67.2431,85.62,17,13,6.69,UZ,1630073606
58,Cabo San Lucas,22.8909,-109.9124,82.81,79,27,6.62,MX,1630073333
59,Araouane,18.9048,-3.5265,99.79,26,91,1.74,ML,1630073606
60,Adavere,58.7086,25.8994,58.95,93,100,9.64,EE,1630073606
61,Hay River,60.8156,-115.7999,56.61,68,85,5.57,CA,1630073312
62,Saint Paul Harbor,57.79,-152.4072,49.87,85,69,9.06,US,1630073607
63,Jamestown,42.097,-79.2353,79.02,90,75,1.01,US,1630073578
64,Dikson,73.5069,80.5464,39.22,80,72,18.05,RU,1630073607
65,North Bend,43.4065,-124.2243,56.86,100,1,4.61,US,1630073484
66,Mitú,1.1983,-70.1733,84.09,68,80,2.64,CO,1630073608
67,Longyearbyen,78.2186,15.6401,42.64,75,40,4.61,SJ,1630073608
68,Port Hardy,50.6996,-127.4199,55.58,100,90,0.0,CA,1630073608
69,Tautira,-17.7333,-149.15,75.22,74,21,15.68,PF,1630073609
70,Dicabisagan,17.0818,122.4157,79.88,84,100,4.97,PH,1630073609
71,Albany,42.6001,-73.9662,83.14,80,28,4.45,US,1630073528
72,Mahon,39.8885,4.2658,84.76,65,20,10.36,ES,1630073360
73,Tuktoyaktuk,69.4541,-133.0374,42.33,93,100,9.31,CA,1630073610
74,Souillac,-20.5167,57.5167,69.37,88,99,23.76,MU,1630073610
75,Fasano,40.8344,17.3584,87.64,46,1,6.11,IT,1630073610
76,Caravelas,-17.7125,-39.2481,80.89,56,5,10.98,BR,1630073611
77,Cape Town,-33.9258,18.4232,59.11,49,12,4.0,ZA,1630073448
78,Majene,-3.5403,118.9707,76.57,92,100,8.01,ID,1630073611
79,Kumul,42.8,93.45,80.22,25,63,11.68,CN,1630073611
80,Hermanus,-34.4187,19.2345,55.9,60,4,14.43,ZA,1630073612
81,Sitka,57.0531,-135.33,55.29,94,90,4.61,US,1630073031
82,Svetlaya,46.5389,138.3297,65.5,81,46,5.26,RU,1630073612
83,Maceió,-9.6658,-35.7353,83.64,57,40,11.5,BR,1630073612
84,Chara,56.9064,118.2631,47.64,82,40,2.3,RU,1630073613
85,Sungai Penuh,-2.0833,101.3833,65.05,96,95,2.86,ID,1630073613
86,Straumen,63.8709,11.2999,66.61,55,0,2.98,NO,1630073613
87,Codrington,-38.2667,141.9667,42.35,78,0,8.68,AU,1630073614
88,Leningradskiy,69.3833,178.4167,34.2,82,100,5.68,RU,1630073614
89,Chui,-33.6971,-53.4616,56.86,53,0,9.73,UY,1630073614
90,Rockport,28.0206,-97.0544,82.65,94,20,0.0,US,1630073614
91,Seabra,-12.4186,-41.7703,78.76,42,18,11.3,BR,1630073323
92,Oyama,36.3,139.8,86.67,74,100,3.2,JP,1630073615
93,Ürümqi,43.801,87.6005,77.95,24,20,8.95,CN,1630073615
94,East London,-33.0153,27.9116,62.04,64,33,22.88,ZA,1630073616
95,Coaticook,45.1334,-71.7991,72.36,58,27,7.23,CA,1630073616
96,Los Llanos de Aridane,28.6585,-17.9182,76.75,83,20,10.36,ES,1630073616
97,Thompson,55.7435,-97.8558,52.66,67,7,7.14,CA,1630073617
98,Isiro,2.7739,27.616,87.64,44,78,1.63,CD,1630073618
99,Hithadhoo,-0.6,73.0833,83.23,71,40,11.05,MV,1630073618
100,Oussouye,12.485,-16.5469,84.83,70,100,8.84,SN,1630073618
101,Bismarck,46.8083,-100.7837,60.87,96,20,11.5,US,1630073265
102,Paita,-5.0892,-81.1144,65.97,78,93,14.88,PE,1630073619
103,Kondinskoye,59.6481,67.41,57.6,55,100,12.19,RU,1630073619
104,Ushtobe,45.2514,77.9838,80.67,18,17,5.82,KZ,1630073619
105,Cockburn Town,21.4612,-71.1419,85.96,62,40,11.5,TC,1630073620
106,Kapaa,22.0752,-159.319,79.12,76,90,16.11,US,1630073620
107,High Level,58.5169,-117.136,52.47,88,53,2.3,CA,1630073620
108,Plouzané,48.3833,-4.6167,69.89,59,20,16.11,FR,1630073621
109,Fare,-16.7,-151.0167,78.46,73,0,14.16,PF,1630073621
110,Lorengau,-2.0226,147.2712,81.32,77,86,6.85,PG,1630073621
111,Puerto Maldonado,-12.6,-69.1833,80.37,42,47,4.23,PE,1630073622
112,Changji,44.0167,87.3167,81.39,24,20,8.95,CN,1630073622
113,Quatre Cocos,-20.2078,57.7625,69.1,88,85,24.56,MU,1630073622
114,Ostrovnoy,68.0531,39.5131,57.97,59,14,15.3,RU,1630073623
115,Baculin,7.4525,126.5842,78.64,86,96,3.33,PH,1630073623
116,Opuwo,-18.0607,13.84,81.99,19,0,18.23,NA,1630073623
117,Ambon City,-3.6954,128.1814,78.71,84,100,8.66,ID,1630073623
118,Hilo,19.7297,-155.09,71.33,90,90,0.0,US,1630073352
119,Provideniya,64.3833,-173.3,41.29,78,100,6.26,RU,1630073624
120,Torbay,47.6666,-52.7314,70.29,83,19,1.99,CA,1630073624
121,Saint-Joseph,-21.3667,55.6167,68.38,84,92,21.83,RE,1630073625
122,Kununurra,-15.7667,128.7333,67.98,56,64,3.44,AU,1630073625
123,Touros,-5.1989,-35.4608,85.1,53,7,18.03,BR,1630073625
124,Prince George,53.9166,-122.753,52.25,97,90,10.36,CA,1630073625
125,Sur,22.5667,59.5289,85.93,70,4,2.51,OM,1630073626
126,Shimoda,34.6667,138.95,79.9,86,71,6.76,JP,1630073626
127,Maragogi,-9.0122,-35.2225,79.54,66,89,11.07,BR,1630073626
128,Brae,60.3964,-1.353,57.11,70,4,7.07,GB,1630073627
129,Tiksi,71.6872,128.8694,36.1,97,100,17.09,RU,1630073627
130,Ahipara,-35.1667,173.1667,59.32,92,96,14.34,NZ,1630073627
131,Mayor Pablo Lagerenza,-19.9309,-60.7718,74.7,34,93,3.06,PY,1630073628
132,Trairi,-3.2778,-39.2689,88.18,48,14,17.67,BR,1630073628
133,Salalah,17.0151,54.0924,79.7,87,79,10.04,OM,1630073628
134,Avarua,-21.2078,-159.775,64.45,82,75,1.14,CK,1630073629
135,Hasaki,35.7333,140.8333,79.2,93,100,2.86,JP,1630073629
136,Bandarbeyla,9.4942,50.8122,78.98,76,13,32.28,SO,1630073629
137,Ketchikan,55.3422,-131.6461,55.87,94,90,0.0,US,1630073629
138,Ust'-Ilimsk,58.0006,102.6619,58.23,69,62,3.06,RU,1630073531
139,Pishin,30.5803,66.9961,88.18,10,0,8.3,PK,1630073630
140,Jardim,-21.4803,-56.1381,66.52,80,100,4.05,BR,1630073630
141,Padang,-0.9492,100.3543,78.85,88,73,3.04,ID,1630073631
142,Mukhen,48.1,136.1,62.01,96,100,5.08,RU,1630073631
143,Waingapu,-9.6567,120.2641,76.48,78,100,11.41,ID,1630073631
144,Circleville,39.6006,-82.946,83.57,78,1,0.0,US,1630073632
145,Belaya Gora,68.5333,146.4167,52.16,73,100,11.25,RU,1630073537
146,Praia da Vitória,38.7333,-27.0667,69.76,89,100,7.16,PT,1630073632
147,Katsuura,35.1333,140.3,84.31,93,39,1.66,JP,1630073632
148,Tungor,53.3808,142.9564,57.43,93,100,9.22,RU,1630073633
149,Mahon,39.8885,4.2658,84.76,65,20,10.36,ES,1630073360
150,Port Blair,11.6667,92.75,80.53,85,100,11.63,IN,1630073633
151,Nombre de Dios,23.85,-104.2333,64.81,69,33,3.04,MX,1630073633
152,Qaanaaq,77.484,-69.3632,39.34,83,96,3.09,GL,1630073634
153,Upernavik,72.7868,-56.1549,38.39,95,100,9.08,GL,1630073634
154,Huangzhou,30.45,114.8,73.26,87,100,3.13,CN,1630073634
155,Lompoc,34.6391,-120.4579,55.81,97,90,3.44,US,1630073635
156,Avera,33.194,-82.5271,83.91,75,100,8.97,US,1630073635
157,Adrar,20.5022,-10.0711,101.19,25,85,10.0,MR,1630073635
158,Mugur-Aksy,50.35,90.5,41.77,98,100,3.2,RU,1630073635
159,Lata,40.1629,-8.3327,84.34,33,0,11.18,PT,1630073636
160,Ponta Delgada,37.7333,-25.6667,70.52,88,75,12.66,PT,1630073636
161,Vila Velha,-20.3297,-40.2925,84.15,51,40,13.8,BR,1630073637
162,Vangaindrano,-23.35,47.6,69.01,83,44,8.41,MG,1630073637
163,Alugan,12.2188,125.4808,81.39,81,100,5.77,PH,1630073637
164,Bethel,41.3712,-73.414,87.1,78,1,1.01,US,1630073638
165,São Félix do Xingu,-6.6447,-51.995,96.26,34,95,3.13,BR,1630073638
166,Kiryat Gat,31.61,34.7642,97.39,49,7,14.92,IL,1630073638
167,Atar,20.5169,-13.0499,102.83,22,98,8.86,MR,1630073639
168,Khuzdar,27.7384,66.6434,89.71,24,61,14.43,PK,1630073639
169,Ust'-Omchug,61.15,149.6333,51.8,97,100,4.97,RU,1630073537
170,Talnakh,69.4865,88.3972,46.17,86,99,9.42,RU,1630073639
171,Bilma,18.6853,12.9164,105.03,14,100,2.17,NE,1630073640
172,Lebu,-37.6167,-73.65,51.04,83,100,14.2,CL,1630073640
173,Nizhneangarsk,55.7833,109.55,52.03,70,22,2.13,RU,1630073640
174,Houma,29.5958,-90.7195,82.99,91,20,9.22,US,1630073641
175,Khed,17.7167,73.3833,78.35,89,97,2.71,IN,1630073641
176,Oberá,-27.4871,-55.1199,63.14,54,96,4.72,AR,1630073482
177,Alofi,-19.0595,-169.9187,70.39,57,44,18.84,NU,1630073641
178,Urucurituba,-2.6833,-57.6667,79.0,81,99,5.3,BR,1630073642
179,Pacific Grove,36.6177,-121.9166,59.76,97,90,8.99,US,1630073642
180,Kohima,25.6667,94.1167,65.75,98,100,1.57,IN,1630073642
181,Greenville,35.6127,-77.3663,84.11,80,1,6.91,US,1630073078
182,Tumut,-35.3,148.2167,40.19,92,66,1.77,AU,1630073643
183,Tuatapere,-46.1333,167.6833,42.82,95,99,2.77,NZ,1630073643
184,Rundu,-17.9333,19.7667,95.68,10,2,3.69,NA,1630073643
185,Vardø,70.3705,31.1107,62.8,73,96,3.31,NO,1630073644
186,Faanui,-16.4833,-151.75,78.69,72,11,13.04,PF,1630073644
187,Mar del Plata,-38.0023,-57.5575,51.13,58,26,13.94,AR,1630073501
188,Ternate,0.8,127.4,80.58,79,100,5.32,ID,1630073645
189,Roebourne,-20.7833,117.1333,74.68,43,0,10.85,AU,1630073645
190,Malamig,12.95,121.3667,76.44,90,74,4.16,PH,1630073645
191,Esperance,-33.8667,121.9,49.84,67,88,22.32,AU,1630073646
192,Moose Factory,51.2585,-80.6094,56.32,48,0,4.59,CA,1630073646
193,Mashhad,36.297,59.6062,87.94,30,20,18.41,IR,1630073646
194,Tasiilaq,65.6145,-37.6368,44.76,97,100,8.66,GL,1630073647
195,Rosa Zarate,0.3333,-79.4667,73.76,90,100,1.3,EC,1630073647
196,North Ogden,41.3072,-111.9602,66.47,40,1,1.99,US,1630073647
197,Beringovskiy,63.05,179.3167,49.28,80,100,12.15,RU,1630073537
198,Richmond,37.5538,-77.4603,87.06,77,1,4.0,US,1630073487
199,Grand Gaube,-20.0064,57.6608,69.39,88,68,14.0,MU,1630073648
200,Narsaq,60.9167,-46.05,48.42,69,19,2.55,GL,1630073648
201,Jieshi,22.8134,115.8257,82.27,81,28,8.3,CN,1630073649
202,Dali,25.7,100.1833,64.38,90,100,3.15,CN,1630073649
203,Lundamo,63.1333,10.3,63.68,47,5,7.54,NO,1630073649
204,Shingū,33.7333,135.9833,80.91,76,6,6.33,JP,1630073650
205,Ixtapa,20.7,-105.2,80.22,94,90,5.75,MX,1630073423
206,Vestmannaeyjar,63.4427,-20.2734,56.39,94,90,27.63,IS,1630073650
207,Ibagué,4.4389,-75.2322,72.68,74,89,5.1,CO,1630073650
208,Pāsighāt,28.0667,95.3333,74.79,97,100,2.75,IN,1630073651
209,Isangel,-19.55,169.2667,70.97,76,12,6.24,VU,1630073651
210,Ubud,-8.5098,115.2654,76.32,96,48,2.48,ID,1630073651
211,Ribeira Grande,38.5167,-28.7,75.6,78,40,17.27,PT,1630073652
212,Borogontsy,62.6683,131.1683,42.62,70,100,11.07,RU,1630073652
213,Portland,45.5234,-122.6762,61.21,83,4,1.99,US,1630072952
214,Mahébourg,-20.4081,57.7,69.26,87,90,25.37,MU,1630073652
215,San Vicente,-26.6167,-54.1333,65.66,45,57,4.99,AR,1630073653
216,Pevek,69.7008,170.3133,38.19,74,100,8.12,RU,1630073653
217,Talaya,61.3833,152.75,54.05,87,92,5.7,RU,1630073654
218,Cajati,-24.7361,-48.1228,63.27,93,100,2.77,BR,1630073654
219,San Miguel de Tucumán,-26.8241,-65.2226,66.2,30,0,3.44,AR,1630073654
220,Jinchang,38.4953,102.1739,65.75,44,100,9.8,CN,1630073654
221,Saint-François,46.4154,3.9054,71.47,55,75,10.36,FR,1630073655
222,Burnie,-41.0667,145.9167,46.17,75,100,8.93,AU,1630073655
223,Barbate,36.1924,-5.9219,84.29,63,76,12.48,ES,1630073655
224,Chokurdakh,70.6333,147.9167,43.14,68,100,12.26,RU,1630073656
225,Keti Bandar,24.1447,67.4497,81.14,75,82,17.67,PK,1630073656
226,Chapais,49.7834,-74.8492,55.18,57,69,7.27,CA,1630073656
227,Pāli,25.7667,73.3333,92.01,40,100,7.87,IN,1630073657
228,Bambanglipuro,-7.95,110.2833,73.94,83,11,4.99,ID,1630073657
229,Illapel,-31.6308,-71.1653,58.41,44,100,1.95,CL,1630073658
230,Berlevåg,70.8578,29.0864,62.4,66,91,28.66,NO,1630073658
231,Westport,41.1415,-73.3579,89.33,75,1,3.0,US,1630073658
232,Klyuchi,52.2667,79.1667,72.27,25,16,8.08,RU,1630073658
233,Hofn,64.2539,-15.2082,55.42,88,90,9.22,IS,1630073659
234,Kavaratti,10.5669,72.642,79.45,83,100,24.07,IN,1630073659
235,Coyhaique,-45.5752,-72.0662,38.01,87,90,4.61,CL,1630073660
236,San Jerónimo,-11.9472,-75.2829,55.6,54,95,0.69,PE,1630073660
237,Paamiut,61.994,-49.6678,43.88,78,91,11.14,GL,1630073660
238,Cherskiy,68.75,161.3,46.56,64,100,7.09,RU,1630073660
239,Dutlwe,-23.9833,23.9,89.11,13,29,20.09,BW,1630073661
240,Kautokeino,69.0125,23.0412,63.64,37,0,14.61,NO,1630073661
241,Todos Santos,23.45,-110.2167,85.01,87,54,4.38,MX,1630073662
242,Datong,40.0936,113.2914,64.49,44,75,6.8,CN,1630073662
243,Russell,32.3502,-85.1999,81.97,82,90,5.75,US,1630073662
244,Huilong,31.8111,121.655,80.98,93,9,6.64,CN,1630073662
245,Kapchorwa,1.3965,34.4509,67.91,65,90,3.65,UG,1630073663
246,Jalu,29.0331,21.5482,99.79,15,0,11.72,LY,1630073663
247,Broken Hill,-31.95,141.4333,51.49,38,0,9.71,AU,1630073664
248,Tyup,42.7276,78.3648,60.26,64,100,4.54,KG,1630073664
249,Namatanai,-3.6667,152.4333,79.0,83,45,7.78,PG,1630073664
250,Bathsheba,13.2167,-59.5167,83.7,75,1,19.13,BB,1630073664
251,Jacareacanga,-6.2222,-57.7528,98.73,31,50,2.66,BR,1630073665
252,São Miguel do Araguaia,-13.275,-50.1628,94.3,18,86,9.33,BR,1630073665
253,Puerto Ayora,-0.7393,-90.3518,69.55,83,100,5.99,EC,1630073665
254,Kalemie,-5.9475,29.1947,83.26,37,2,6.89,CD,1630073666
255,Bara,10.3744,10.7288,88.61,54,18,5.08,NG,1630073666
256,Vlasenica,44.1819,18.9406,58.42,72,94,5.75,BA,1630073666
257,Virginia Beach,36.8529,-75.978,87.03,71,8,1.99,US,1630073543
258,Teknāf,20.8624,92.3058,81.25,87,97,9.28,BD,1630073667
259,Pisco,-13.7,-76.2167,60.03,83,43,4.18,PE,1630073667
260,Airai,-8.9266,125.4092,57.38,80,99,3.71,TL,1630073667
261,Taraz,42.9,71.3667,86.41,16,75,8.95,KZ,1630073668
262,Honningsvåg,70.9821,25.9704,55.15,67,75,25.32,NO,1630073668
263,Deputatsky,69.3,139.9,43.75,95,100,6.53,RU,1630073668
264,Troitskoye,52.9821,84.6757,66.02,41,2,6.46,RU,1630073669
265,Makakilo City,21.3469,-158.0858,75.52,78,20,5.75,US,1630073669
266,Nabire,-3.3667,135.4833,75.45,91,100,4.09,ID,1630073669
267,Tooele,40.5308,-112.2983,67.96,71,1,3.44,US,1630073670
268,Henties Bay,-22.116,14.2845,62.85,73,0,21.43,NA,1630073670
269,Lüderitz,-26.6481,15.1594,57.06,57,43,16.91,NA,1630073670
270,Pustoshka,56.3355,29.369,63.61,86,100,11.72,RU,1630073671
271,Wagar,16.1525,36.2032,95.02,37,6,7.78,SD,1630073671
272,Biloela,-24.4167,150.5,56.17,65,32,3.98,AU,1630073671
273,Kysyl-Syr,63.8986,122.7617,41.41,65,100,10.67,RU,1630073534
274,Hamilton,39.1834,-84.5333,82.74,79,1,1.01,US,1630073386
275,Umm Kaddadah,13.6017,26.6876,95.38,26,69,5.1,SD,1630073672
276,Vao,-22.6667,167.4833,70.66,82,34,10.76,NC,1630073672
277,Sirte,31.2089,16.5887,90.34,37,0,11.95,LY,1630073672
278,Zhigansk,66.7697,123.3711,38.01,92,100,16.04,RU,1630073531
279,Ponta do Sol,32.6667,-17.1,81.72,63,34,5.73,PT,1630073673
280,Béjar,40.3864,-5.7634,89.58,18,0,10.85,ES,1630073673
281,Arkhipo-Osipovka,44.37,38.52,81.63,62,0,5.61,RU,1630073674
282,Rindal,63.0565,9.2124,66.31,47,0,4.18,NO,1630073674
283,Dingle,10.9995,122.6711,77.25,89,100,4.97,PH,1630073674
284,Santa Cruz de la Sierra,-17.8,-63.1667,74.64,26,21,5.66,BO,1630073445
285,Lerwick,60.1545,-1.1494,57.2,76,6,7.52,GB,1630073675
286,Lavrentiya,65.5833,-171.0,38.35,86,54,12.08,RU,1630073675
287,Tailai,46.3833,123.4,58.28,89,10,8.84,CN,1630073675
288,Tūkrah,32.5341,20.5791,87.44,44,0,7.49,LY,1630073676
289,Kupang,-10.1667,123.5833,77.77,77,55,13.15,ID,1630073676
290,Aktash,50.3,87.7333,40.03,79,9,5.66,RU,1630073531
291,Lagoa,39.05,-27.9833,69.91,86,100,17.07,PT,1630073676
292,Loukhi,66.0764,33.0381,56.44,47,100,5.73,RU,1630073677
293,Tiznit Province,29.5833,-9.5,89.53,30,12,10.98,MA,1630073677
294,Camacha,33.0833,-16.3333,75.52,69,20,10.36,PT,1630073677
295,Umluj,25.0213,37.2685,90.72,63,22,5.86,SA,1630073678
296,Cervo,43.6702,-7.4101,92.19,70,1,11.45,ES,1630073678
297,Kuala Pilah,2.7389,102.2487,79.75,91,37,2.59,MY,1630073678
298,Farnes,61.3167,7.8,65.28,46,9,1.57,NO,1630073679
299,Verāval,20.9,70.3667,80.96,79,99,11.88,IN,1630073679
300,Severo-Kuril'sk,50.6789,156.125,53.89,98,93,14.45,RU,1630073679
301,Yar-Sale,66.8333,70.8333,42.87,69,60,19.39,RU,1630073680
302,Nome,64.5011,-165.4064,35.67,76,1,0.0,US,1630073680
303,Wisconsin Rapids,44.3836,-89.8174,66.43,96,90,3.44,US,1630073681
304,Tual,-5.6667,132.75,80.62,81,100,21.45,ID,1630073681
305,Lagos,6.5833,3.75,82.58,72,100,7.74,NG,1630073611
306,Veseloyarsk,51.2836,81.1056,69.91,27,4,6.71,RU,1630073681
307,Were Īlu,10.6,39.4333,63.36,62,100,5.26,ET,1630073682
308,La Ciotat,43.1748,5.6045,88.84,24,0,25.37,FR,1630073682
309,Celestún,20.8667,-90.4,82.33,75,0,9.01,MX,1630073682
310,Lishu,43.3047,124.3278,59.61,88,0,8.84,CN,1630073683
311,Grand-Lahou,5.1367,-5.0242,81.61,73,83,8.93,CI,1630073683
312,Kamaishi,39.2667,141.8833,72.72,85,92,5.46,JP,1630073683
313,Dabat,12.9842,37.765,60.6,78,100,4.59,ET,1630073684
314,Santa Rosalía,27.3167,-112.2833,86.41,58,3,2.35,MX,1630073684
315,Río Gallegos,-51.6226,-69.2181,39.25,70,75,10.36,AR,1630073684
316,Srikakulam,18.3,83.9,77.38,87,100,1.39,IN,1630073685
317,Palmer,42.1584,-72.3287,86.99,71,40,1.01,US,1630073490
318,Tomigusuku,26.185,127.675,82.17,74,20,8.05,JP,1630073685
319,Samarai,-10.6167,150.6667,79.3,88,51,12.26,PG,1630073686
320,Olafsvik,64.8945,-23.7142,54.91,83,92,27.36,IS,1630073686
321,Ust-Nera,64.5667,143.2,48.9,92,83,7.05,RU,1630073686
322,Flinders,-34.5833,150.8552,56.17,62,97,4.0,AU,1630073687
323,Puro,12.4841,123.3827,81.05,80,100,6.35,PH,1630073687
324,Grindavik,63.8424,-22.4338,55.87,94,75,26.46,IS,1630073688
325,Eyl,7.9803,49.8164,81.79,65,36,28.01,SO,1630073688
326,Fortuna,40.5982,-124.1573,55.85,69,76,1.99,US,1630073688
327,Saldanha,-33.0117,17.9442,55.29,41,7,13.02,ZA,1630073688
328,Poum,-20.2333,164.0167,73.76,76,91,12.71,NC,1630073689
329,Malanje,-9.5402,16.341,85.71,34,98,7.67,AO,1630073689
330,Geraldton,-28.7667,114.6,46.81,93,0,3.44,AU,1630073689
331,Maxixe,-23.8597,35.3472,77.41,65,0,15.61,MZ,1630073690
332,Kahramanmaraş Province,38.0,37.0,93.83,15,0,1.12,TR,1630073690
333,Muros,42.7762,-9.0603,88.3,81,55,6.35,ES,1630073690
334,Aksarka,66.5606,67.7975,47.84,57,91,7.25,RU,1630073691
335,Najrān,17.4924,44.1277,97.2,13,53,16.78,SA,1630073691
336,Takaka,-40.85,172.8,56.55,99,100,2.93,NZ,1630073691
337,Sechura,-5.5569,-80.8222,66.79,74,89,14.72,PE,1630073692
338,Popondetta,-8.7537,148.2534,72.99,91,88,3.04,PG,1630073692
339,Champerico,14.3,-91.9167,88.36,83,99,10.36,GT,1630073692
340,Zyryanka,65.75,150.85,53.08,85,69,4.63,RU,1630073693
341,Iqaluit,63.7506,-68.5145,41.11,94,100,5.55,CA,1630073693
342,Jiayuguan City,39.8167,98.3,68.59,29,1,18.19,CN,1630073693
343,Otuzco,-7.9,-78.5833,57.52,55,71,2.57,PE,1630073694
344,Kruisfontein,-34.0033,24.7314,49.89,64,91,26.62,ZA,1630073694
345,San Patricio,28.017,-97.5169,80.58,72,100,1.5,US,1630073694
346,Mehamn,71.0357,27.8492,55.58,69,100,35.46,NO,1630073695
347,Ocala,29.1872,-82.1401,82.78,88,90,1.01,US,1630073663
348,Āsosa,10.0667,34.5333,71.82,79,13,3.94,ET,1630073695
349,Kudahuvadhoo,2.6708,72.8944,82.94,74,24,14.34,MV,1630073695
350,Am Timan,11.0297,20.2827,88.86,55,72,3.51,TD,1630073696
351,Atasū,48.6814,71.6433,82.09,19,4,10.02,KZ,1630073696
352,Severo-Yeniseyskiy,60.3725,93.0408,59.76,80,10,4.38,RU,1630073696
353,Ancud,-41.8697,-73.8203,46.42,92,100,19.22,CL,1630073697
354,Cabedelo,-6.9811,-34.8339,84.87,64,85,15.59,BR,1630073697
355,Giżycko,54.0381,21.7644,63.79,72,100,8.37,PL,1630073697
356,Praia,14.9215,-23.5087,81.34,74,100,11.48,CV,1630073698
357,Sīrjān,29.452,55.6814,85.26,12,3,24.07,IR,1630073698
358,Nantucket,41.2835,-70.0995,85.96,83,1,9.22,US,1630073698
359,Carnarvon,-24.8667,113.6333,62.67,65,0,14.97,AU,1630073699
360,Morant Bay,17.8815,-76.4093,75.61,87,100,14.99,JM,1630073699
361,Bom Jesus da Lapa,-13.255,-43.4181,87.19,32,83,6.33,BR,1630073699
362,Kuching,1.55,110.3333,80.82,78,20,2.3,MY,1630073685
363,Labuhan,-6.8844,112.2051,80.2,64,82,7.23,ID,1630073700
364,Sorong,-0.8833,131.25,77.83,90,100,8.68,ID,1630073700
365,Coolum Beach,-26.5333,153.1,53.33,63,16,4.52,AU,1630073700
366,Yichang,30.7144,111.2847,69.51,93,100,1.77,CN,1630073564
367,Ulundi,-28.3352,31.4162,89.69,21,79,5.08,ZA,1630073701
368,São Lourenço do Oeste,-26.3592,-52.8511,62.38,52,44,5.95,BR,1630073701
369,Dārāb,28.7519,54.5444,96.22,9,6,19.91,IR,1630073702
370,Manicoré,-5.8092,-61.3003,98.51,30,79,3.67,BR,1630073702
371,Simpang,-1.2667,104.0833,76.75,84,100,4.18,ID,1630073702
372,Hirara,24.8,125.2833,82.76,80,1,12.35,JP,1630073703
373,Hopatcong,40.9329,-74.6593,86.32,69,35,0.0,US,1630073703
374,Jiuquan,39.7432,98.5174,70.23,29,3,18.19,CN,1630073704
375,Petropavlovsk-Kamchatskiy,53.0452,158.6483,53.89,85,65,3.02,RU,1630073704
376,Talcahuano,-36.7167,-73.1167,51.48,93,90,12.66,CL,1630073704
377,Batagay-Alyta,67.8006,130.4114,39.43,94,100,4.18,RU,1630073705
378,Lamu,-2.2717,40.902,80.82,71,22,14.92,KE,1630073705
379,Norman Wells,65.282,-126.8329,53.96,84,79,3.62,CA,1630073705
380,Harper,4.375,-7.7169,82.11,67,100,8.1,LR,1630073706
381,Agadez,19.75,10.25,105.08,12,5,2.01,NE,1630073706
382,Noumea,-22.2763,166.4572,67.98,79,64,6.17,NC,1630073706
383,Kasongo-Lunda,-6.4667,16.8167,94.57,32,88,7.05,CD,1630073707
384,Raudeberg,61.9875,5.1352,66.2,78,59,3.36,NO,1630073707
385,Mount Gambier,-37.8333,140.7667,41.95,73,0,8.21,AU,1630073707
386,Manzhouli,49.6,117.4333,51.96,86,86,8.63,CN,1630073708
387,Taunggyi,20.7833,97.0333,64.85,92,88,2.53,MM,1630073708
388,El Batey,19.7667,-70.5167,87.71,66,20,11.5,DO,1630073552
389,Naze,28.3667,129.4833,77.18,77,12,5.35,JP,1630073708
390,Ilulissat,69.2167,-51.1,42.82,81,75,4.61,GL,1630073709
391,Preobrazheniye,42.9019,133.9064,67.95,79,100,6.42,RU,1630073709
392,Bintulu,3.1667,113.0333,79.25,77,100,4.14,MY,1630073709
393,Canoinhas,-26.1772,-50.39,59.65,71,100,4.16,BR,1630073710
394,Kaabong,3.4836,34.1492,80.06,36,44,5.84,UG,1630073710
395,Krasnosel'kup,65.7,82.4667,43.61,80,100,25.5,RU,1630073710
396,Edd,13.9297,41.6925,94.44,61,6,13.31,ER,1630073712
397,Alice Springs,-23.7,133.8833,56.75,24,75,3.44,AU,1630073712
398,Warwick,41.7001,-71.4162,89.28,74,20,3.44,US,1630073525
399,Volterra,43.4003,10.86,83.3,42,89,7.61,IT,1630073713
400,Urcos,-13.6861,-71.6228,57.09,60,74,6.51,PE,1630073713
401,Asău,46.4333,26.4,72.75,69,76,5.26,RO,1630073713
402,Constitución,-35.3333,-72.4167,51.64,61,100,1.12,CL,1630073714
403,Plettenberg Bay,-34.0527,23.3716,51.26,70,100,16.04,ZA,1630073714
404,Makokou,0.5738,12.8642,89.94,55,75,3.42,GA,1630073714
405,Erzin,36.9559,36.2,95.52,46,0,8.5,TR,1630073715
406,Namtsy,62.7161,129.6658,46.51,70,96,14.67,RU,1630073715
407,Khandyga,62.6667,135.6,45.72,98,54,4.88,RU,1630073715
408,Itacaré,-14.2775,-38.9967,75.67,85,70,8.59,BR,1630073716
409,Lingao,19.9103,109.6859,81.41,78,1,13.13,CN,1630073716
410,Lloydminster,53.2835,-110.0016,53.28,93,100,4.38,CA,1630073716
411,Rexburg,43.826,-111.7897,58.28,58,1,8.05,US,1630073717
412,Rio Grande,-32.035,-52.0986,62.94,64,0,6.93,BR,1630073632
413,Nsanje,-16.92,35.262,95.94,19,0,5.77,MW,1630073717
414,Evensk,61.95,159.2333,48.92,99,100,7.96,RU,1630073717
415,Coquimbo,-29.9533,-71.3436,56.93,76,20,4.61,CL,1630073718
416,Subaan,13.0765,121.3647,79.81,89,84,2.39,PH,1630073718
417,Fairbanks,64.8378,-147.7164,46.6,94,90,1.01,US,1630073702
418,Canning,22.3189,88.6714,82.42,87,100,6.46,IN,1630073718
419,Bunia,1.5667,30.25,78.82,52,3,9.98,CD,1630073719
420,Bengkulu,-3.8004,102.2655,77.59,87,48,9.69,ID,1630073719
421,Garden City,42.3256,-83.331,80.62,83,75,4.61,US,1630073719
422,São João da Barra,-21.6403,-41.0511,78.89,63,22,8.59,BR,1630073720
423,Ténenkou,14.4572,-4.9169,89.56,46,97,3.09,ML,1630073720
424,Yelizovo,53.1873,158.3805,53.62,85,32,2.64,RU,1630073720
425,Askino,56.0901,56.5783,68.72,42,90,11.83,RU,1630073721
426,Sasina,44.7987,16.739,58.98,97,100,1.77,BA,1630073721
427,General Roca,-39.0333,-67.5833,50.76,35,32,13.87,AR,1630073721
428,Pārsābād,39.6482,47.9174,96.12,25,0,18.23,IR,1630073722
429,Beaverton,45.4871,-122.8037,60.87,83,90,1.01,US,1630073575
430,Byron Bay,-28.65,153.6167,52.88,57,0,9.26,AU,1630073722
431,Eldorado,-23.7869,-54.2836,60.03,77,100,6.58,BR,1630073722
432,Honiara,-9.4333,159.95,77.43,89,71,5.91,SB,1630073717
433,Babati,-4.2167,35.75,83.14,14,8,7.58,TZ,1630073723
434,Freeport,40.6576,-73.5832,89.96,69,1,1.01,US,1630073723
435,Bayan,46.0833,127.4,60.15,94,42,10.92,CN,1630073723
436,Mâncio Lima,-7.6142,-72.8958,86.59,56,56,3.2,BR,1630073724
437,Bosaso,11.2842,49.1816,93.76,44,9,4.29,SO,1630073724
438,Buin,-33.7333,-70.75,53.92,59,100,3.04,CL,1630073724
439,Belmonte,-15.8631,-38.8828,79.3,74,10,9.84,BR,1630073724
440,Nalhāti,24.3,87.8167,81.27,88,100,4.97,IN,1630073725
441,Pontianak,-0.0333,109.3333,76.98,94,75,3.44,ID,1630073725
442,Ossora,59.2353,163.0719,55.63,95,100,2.42,RU,1630073726
443,Boden,65.8252,21.6886,57.2,50,0,5.97,SE,1630073726
444,Camaná,-16.6228,-72.7111,61.27,81,98,10.51,PE,1630073726
445,Meulaboh,4.1363,96.1285,79.2,80,99,0.83,ID,1630073727
446,Khor,47.8861,134.9464,60.84,94,91,4.72,RU,1630073727
447,Porto Nacional,-10.7081,-48.4172,93.2,18,35,9.93,BR,1630073727
448,Ust-Maya,60.4167,134.5333,49.64,82,100,6.55,RU,1630073727
449,Arica,-18.475,-70.3042,61.03,63,90,5.75,CL,1630073630
450,Broome,42.2506,-75.833,76.91,86,1,0.0,US,1630073728
451,Hervey Bay,-25.2986,152.8535,56.03,65,0,5.53,AU,1630073728
452,Belozërskoye,55.8214,65.5842,65.46,83,70,9.48,RU,1630073728
453,Porto de Moz,-1.7483,-52.2383,90.99,51,60,4.12,BR,1630073729
454,Madera,37.1666,-119.8343,75.42,33,0,3.04,US,1630073729
455,Gamba,-2.65,10.0,77.45,78,88,10.29,GA,1630073487
456,Coahuayana Viejo,18.7333,-103.6833,78.28,86,100,3.49,MX,1630073729
457,Abnūb,27.2696,31.1511,101.68,13,0,15.64,EG,1630073730
458,Tari,12.4086,4.4914,90.43,48,85,3.22,NG,1630073730
459,Port Macquarie,-31.4333,152.9167,48.16,60,0,8.16,AU,1630073731
460,Palestine,31.9216,35.2033,87.94,61,6,13.87,PS,1630073731
461,North Branch,45.5113,-92.9802,70.23,98,100,14.18,US,1630073731
462,Esim,4.8699,-2.2405,82.09,69,70,9.95,GH,1630073731
463,Hong Kong,22.2855,114.1577,80.58,83,18,15.01,HK,1630073509
464,Desaguadero,-16.5656,-69.0417,47.25,34,32,3.04,PE,1630073732
465,Firminópolis,-16.5819,-50.305,90.63,20,5,7.67,BR,1630073732
466,Dawei,14.0833,98.2,75.74,93,100,4.97,MM,1630073732
467,At-Bashi,41.1702,75.8106,63.1,30,15,6.82,KG,1630073733
468,Bitung,1.4451,125.1824,79.29,83,62,2.3,ID,1630073733
469,Matara,5.9485,80.5353,78.42,89,63,13.49,LK,1630073734
470,Comodoro Rivadavia,-45.8667,-67.5,44.46,57,0,4.61,AR,1630073734
471,Nouadhibou,20.931,-17.0347,76.68,69,10,18.45,MR,1630073735
472,Mogadishu,2.0371,45.3438,77.9,80,35,21.81,SO,1630073527
473,Kutum,14.2,24.6667,91.49,22,76,13.49,SD,1630073735
474,Buşayrā,30.7376,35.6078,89.26,27,93,7.76,JO,1630073735
475,Inta,66.0317,60.1659,48.76,75,99,10.47,RU,1630073736
476,Northam,51.0333,-4.2167,71.47,65,0,9.91,GB,1630073736
477,Togur,58.3631,82.8265,68.36,74,39,1.14,RU,1630073736
478,Mangaratiba,-22.9597,-44.0406,81.46,83,99,5.17,BR,1630073737
479,Solnechnyy,50.7214,136.6319,58.87,96,100,2.95,RU,1630073737
480,Benjamin Constant,-4.3831,-70.0311,84.25,79,0,4.61,BR,1630073737
481,Marsh Harbour,26.5412,-77.0636,83.37,75,100,17.29,BS,1630073738
482,Rock Sound,24.9,-76.2,83.01,74,81,14.54,BS,1630073738
483,Kamenka,51.3223,42.7678,78.62,31,100,2.98,RU,1630073738
484,Erenhot,43.6475,111.9767,61.66,52,57,5.99,CN,1630073739
485,Tilichiki,60.4667,166.1,50.74,92,100,3.4,RU,1630073739
486,Manta,-0.95,-80.7333,73.18,83,90,4.61,EC,1630073739
487,Poya,-21.35,165.15,68.81,84,98,4.79,NC,1630073740
488,Pargas,60.3067,22.301,58.14,76,100,12.26,FI,1630073653
489,Ulaanbaatar,47.9077,106.8832,42.93,81,20,2.24,MN,1630073740
490,Egvekinot,66.3167,-179.1667,37.44,92,100,6.15,RU,1630073740
491,Port Lincoln,-34.7333,135.8667,53.85,74,38,13.89,AU,1630073548
492,Assiut,27.181,31.1837,101.79,13,0,15.82,EG,1630073741
493,Kaitangata,-46.2817,169.8464,45.72,94,100,6.93,NZ,1630073741
494,Wundanyi,-3.4019,38.364,76.51,22,32,13.22,KE,1630073741
495,Nanortalik,60.1432,-45.2371,43.0,82,24,20.47,GL,1630073742
496,Richards Bay,-28.783,32.0377,73.04,73,31,10.49,ZA,1630073742
497,Saint-Paul,-21.0096,55.2707,69.89,76,40,2.19,RE,1630073743
498,Paka,4.6374,103.4368,79.29,86,41,8.08,MY,1630073743
499,Quimper,48.0,-4.1,72.18,53,20,8.05,FR,1630073743
500,Halifax,44.6453,-63.5724,82.53,78,14,7.23,CA,1630073585
501,Vila,42.0304,-8.1588,82.71,48,1,8.34,PT,1630073744
502,Pak Phanang,8.3511,100.202,81.61,75,93,3.27,TH,1630073744
503,Fagernes,60.9858,9.2324,66.27,52,76,4.83,NO,1630073744
504,Japura,-0.3167,102.35,74.23,94,51,3.0,ID,1630073745
505,Mount Darwin,-16.7725,31.5838,85.08,19,3,9.37,ZW,1630073745
506,Mayya,61.7333,130.2811,45.72,62,100,11.74,RU,1630073745
507,Mfou,3.7159,11.6427,80.69,69,100,3.69,CM,1630073746
508,Medford,42.3265,-122.8756,58.73,85,1,0.0,US,1630073511
509,Sola,-13.8833,167.55,78.4,75,99,21.32,VU,1630073746
510,Pilar,-9.5972,-35.9567,82.33,68,36,12.62,BR,1630073549
511,Laas,46.6166,10.7002,75.11,33,21,4.61,IT,1630073747
512,Road Town,18.4167,-64.6167,87.21,79,40,14.97,VG,1630073609
513,Yerbogachën,61.2767,108.0108,50.07,67,24,3.6,RU,1630073532
514,Pata,17.7152,121.5018,77.41,84,99,3.76,PH,1630073747
515,Fort Nelson,58.8053,-122.7002,54.99,88,75,6.91,CA,1630073748
